{"paths": {"admin/js/vendor/select2/i18n/pt.js": "admin/js/vendor/select2/i18n/pt.33b4a3b44d43.js", "admin/js/vendor/select2/i18n/hsb.js": "admin/js/vendor/select2/i18n/hsb.fa3b55265efe.js", "admin/js/vendor/select2/i18n/vi.js": "admin/js/vendor/select2/i18n/vi.097a5b75b3e1.js", "admin/js/vendor/select2/i18n/lv.js": "admin/js/vendor/select2/i18n/lv.08e62128eac1.js", "admin/js/vendor/select2/i18n/gl.js": "admin/js/vendor/select2/i18n/gl.d99b1fedaa86.js", "admin/js/vendor/select2/i18n/pl.js": "admin/js/vendor/select2/i18n/pl.6031b4f16452.js", "admin/js/vendor/select2/i18n/el.js": "admin/js/vendor/select2/i18n/el.27097f071856.js", "admin/js/vendor/select2/i18n/dsb.js": "admin/js/vendor/select2/i18n/dsb.56372c92d2f1.js", "admin/js/vendor/select2/i18n/et.js": "admin/js/vendor/select2/i18n/et.2b96fd98289d.js", "admin/js/vendor/select2/i18n/is.js": "admin/js/vendor/select2/i18n/is.3ddd9a6a97e9.js", "admin/js/vendor/select2/i18n/sl.js": "admin/js/vendor/select2/i18n/sl.131a78bc0752.js", "admin/js/vendor/select2/i18n/ko.js": "admin/js/vendor/select2/i18n/ko.e7be6c20e673.js", "admin/js/vendor/select2/i18n/hr.js": "admin/js/vendor/select2/i18n/hr.a2b092cc1147.js", "admin/js/vendor/select2/i18n/ms.js": "admin/js/vendor/select2/i18n/ms.4ba82c9a51ce.js", "admin/js/vendor/select2/i18n/fi.js": "admin/js/vendor/select2/i18n/fi.614ec42aa9ba.js", "admin/js/vendor/select2/i18n/th.js": "admin/js/vendor/select2/i18n/th.f38c20b0221b.js", "admin/js/vendor/select2/i18n/ru.js": "admin/js/vendor/select2/i18n/ru.934aa95f5b5f.js", "admin/js/vendor/select2/i18n/eu.js": "admin/js/vendor/select2/i18n/eu.adfe5c97b72c.js", "admin/js/vendor/select2/i18n/mk.js": "admin/js/vendor/select2/i18n/mk.dabbb9087130.js", "admin/js/vendor/select2/i18n/sq.js": "admin/js/vendor/select2/i18n/sq.5636b60d29c9.js", "admin/js/vendor/select2/i18n/ja.js": "admin/js/vendor/select2/i18n/ja.170ae885d74f.js", "admin/js/vendor/select2/i18n/ka.js": "admin/js/vendor/select2/i18n/ka.2083264a54f0.js", "admin/js/vendor/select2/i18n/he.js": "admin/js/vendor/select2/i18n/he.e420ff6cd3ed.js", "admin/js/vendor/select2/i18n/bg.js": "admin/js/vendor/select2/i18n/bg.39b8be30d4f0.js", "admin/js/vendor/select2/i18n/hy.js": "admin/js/vendor/select2/i18n/hy.c7babaeef5a6.js", "admin/js/vendor/select2/i18n/sr-Cyrl.js": "admin/js/vendor/select2/i18n/sr-Cyrl.f254bb8c4c7c.js", "admin/js/vendor/select2/i18n/ne.js": "admin/js/vendor/select2/i18n/ne.3d79fd3f08db.js", "admin/js/vendor/select2/i18n/af.js": "admin/js/vendor/select2/i18n/af.4f6fcd73488c.js", "admin/js/vendor/select2/i18n/id.js": "admin/js/vendor/select2/i18n/id.04debded514d.js", "admin/js/vendor/select2/i18n/az.js": "admin/js/vendor/select2/i18n/az.270c257daf81.js", "admin/js/vendor/select2/i18n/ca.js": "admin/js/vendor/select2/i18n/ca.a166b745933a.js", "admin/js/vendor/select2/i18n/nb.js": "admin/js/vendor/select2/i18n/nb.da2fce143f27.js", "admin/js/vendor/select2/i18n/zh-CN.js": "admin/js/vendor/select2/i18n/zh-CN.2cff662ec5f9.js", "admin/js/vendor/select2/i18n/zh-TW.js": "admin/js/vendor/select2/i18n/zh-TW.04554a227c2b.js", "admin/js/vendor/select2/i18n/pt-BR.js": "admin/js/vendor/select2/i18n/pt-BR.e1b294433e7f.js", "admin/js/vendor/select2/i18n/da.js": "admin/js/vendor/select2/i18n/da.766346afe4dd.js", "admin/js/vendor/select2/i18n/fa.js": "admin/js/vendor/select2/i18n/fa.3b5bd1961cfd.js", "admin/js/vendor/select2/i18n/de.js": "admin/js/vendor/select2/i18n/de.8a1c222b0204.js", "admin/js/vendor/select2/i18n/en.js": "admin/js/vendor/select2/i18n/en.cf932ba09a98.js", "admin/js/vendor/select2/i18n/bs.js": "admin/js/vendor/select2/i18n/bs.91624382358e.js", "admin/js/vendor/select2/i18n/tk.js": "admin/js/vendor/select2/i18n/tk.7c572a68c78f.js", "admin/js/vendor/select2/i18n/sv.js": "admin/js/vendor/select2/i18n/sv.7a9c2f71e777.js", "admin/js/vendor/select2/i18n/hi.js": "admin/js/vendor/select2/i18n/hi.70640d41628f.js", "admin/js/vendor/select2/i18n/uk.js": "admin/js/vendor/select2/i18n/uk.8cede7f4803c.js", "admin/js/vendor/select2/i18n/cs.js": "admin/js/vendor/select2/i18n/cs.4f43e8e7d33a.js", "admin/js/vendor/select2/i18n/km.js": "admin/js/vendor/select2/i18n/km.c23089cb06ca.js", "admin/js/vendor/select2/i18n/fr.js": "admin/js/vendor/select2/i18n/fr.05e0542fcfe6.js", "admin/js/vendor/select2/i18n/nl.js": "admin/js/vendor/select2/i18n/nl.997868a37ed8.js", "admin/js/vendor/select2/i18n/sr.js": "admin/js/vendor/select2/i18n/sr.5ed85a48f483.js", "admin/js/vendor/select2/i18n/hu.js": "admin/js/vendor/select2/i18n/hu.6ec6039cb8a3.js", "admin/js/vendor/select2/i18n/lt.js": "admin/js/vendor/select2/i18n/lt.23c7ce903300.js", "admin/js/vendor/select2/i18n/ar.js": "admin/js/vendor/select2/i18n/ar.65aa8e36bf5d.js", "admin/js/vendor/select2/i18n/sk.js": "admin/js/vendor/select2/i18n/sk.33d02cef8d11.js", "admin/js/vendor/select2/i18n/it.js": "admin/js/vendor/select2/i18n/it.be4fe8d365b5.js", "admin/js/vendor/select2/i18n/es.js": "admin/js/vendor/select2/i18n/es.66dbc2652fb1.js", "admin/js/vendor/select2/i18n/bn.js": "admin/js/vendor/select2/i18n/bn.6d42b4dd5665.js", "admin/js/vendor/select2/i18n/ro.js": "admin/js/vendor/select2/i18n/ro.f75cb460ec3b.js", "admin/js/vendor/select2/i18n/ps.js": "admin/js/vendor/select2/i18n/ps.38dfa47af9e0.js", "admin/js/vendor/select2/i18n/tr.js": "admin/js/vendor/select2/i18n/tr.b5a0643d1545.js", "admin/css/vendor/select2/select2.min.css": "admin/css/vendor/select2/select2.min.9f54e6414f87.css", "admin/css/vendor/select2/LICENSE-SELECT2.md": "admin/css/vendor/select2/LICENSE-SELECT2.f94142512c91.md", "admin/css/vendor/select2/select2.css": "admin/css/vendor/select2/select2.a2194c262648.css", "admin/js/vendor/jquery/jquery.min.js": "admin/js/vendor/jquery/jquery.min.641dd1437010.js", "admin/js/vendor/jquery/LICENSE.txt": "admin/js/vendor/jquery/LICENSE.de877aa6d744.txt", "admin/js/vendor/jquery/jquery.js": "admin/js/vendor/jquery/jquery.0208b96062ba.js", "admin/js/vendor/xregexp/xregexp.min.js": "admin/js/vendor/xregexp/xregexp.min.b0439563a5d3.js", "admin/js/vendor/xregexp/xregexp.js": "admin/js/vendor/xregexp/xregexp.efda034b9537.js", "admin/js/vendor/xregexp/LICENSE.txt": "admin/js/vendor/xregexp/LICENSE.bf79e414957a.txt", "admin/js/vendor/select2/LICENSE.md": "admin/js/vendor/select2/LICENSE.f94142512c91.md", "admin/js/vendor/select2/select2.full.min.js": "admin/js/vendor/select2/select2.full.min.fcd7500d8e13.js", "admin/js/vendor/select2/select2.full.js": "admin/js/vendor/select2/select2.full.c2afdeda3058.js", "_nuxt/assets/examples/speech_1.mp3": "_nuxt/assets/examples/speech_1.91a3bdd57626.mp3", "admin/js/admin/RelatedObjectLookups.js": "admin/js/admin/RelatedObjectLookups.8609f99b9ab2.js", "admin/js/admin/DateTimeShortcuts.js": "admin/js/admin/DateTimeShortcuts.9f6e209cebca.js", "admin/img/gis/move_vertex_on.svg": "admin/img/gis/move_vertex_on.0047eba25b67.svg", "admin/img/gis/move_vertex_off.svg": "admin/img/gis/move_vertex_off.7a23bf31ef8a.svg", "rest_framework/docs/css/highlight.css": "rest_framework/docs/css/highlight.e0e4d973c6d7.css", "rest_framework/docs/css/base.css": "rest_framework/docs/css/base.e630f8f4990e.css", "rest_framework/docs/css/jquery.json-view.min.css": "rest_framework/docs/css/jquery.json-view.min.a2e6beeb6710.css", "rest_framework/docs/js/highlight.pack.js": "rest_framework/docs/js/highlight.pack.479b5f21dcba.js", "rest_framework/docs/js/api.js": "rest_framework/docs/js/api.18a5ba8a1bd8.js", "rest_framework/docs/js/jquery.json-view.min.js": "rest_framework/docs/js/jquery.json-view.min.b7c2d6981377.js", "rest_framework/docs/img/favicon.ico": "rest_framework/docs/img/favicon.5195b4d0f3eb.ico", "rest_framework/docs/img/grid.png": "rest_framework/docs/img/grid.a4b938cf382b.png", "_nuxt/img/cat.4afd9f3.jpeg": "_nuxt/img/cat.4afd9f3.4afd9f3837d9.jpeg", "_nuxt/img/text_classification.84f3582.png": "_nuxt/img/text_classification.84f3582.84f35820ae1a.png", "_nuxt/img/image_captioning.3cf02a9.jpg": "_nuxt/img/image_captioning.3cf02a9.3cf02a971690.jpg", "_nuxt/img/vbanner.0d5edfa.jpg": "_nuxt/img/vbanner.0d5edfa.0d5edfab0204.jpg", "_nuxt/img/speech_to_text.2789890.png": "_nuxt/img/speech_to_text.2789890.2789890c7dd0.png", "_nuxt/img/intent_detection.16cb349.png": "_nuxt/img/intent_detection.16cb349.16cb34984505.png", "_nuxt/img/sequence_labeling.7c62e85.png": "_nuxt/img/sequence_labeling.7c62e85.7c62e8536341.png", "_nuxt/img/icon.22b3a02.png": "_nuxt/img/icon.22b3a02.22b3a024e5c5.png", "_nuxt/img/image_classification.9192051.png": "_nuxt/img/image_classification.9192051.919205145d42.png", "_nuxt/img/object_detection.1449db7.jpg": "_nuxt/img/object_detection.1449db7.1449db71b14c.jpg", "_nuxt/img/segmentation.a9b0b39.jpg": "_nuxt/img/segmentation.a9b0b39.a9b0b391908d.jpg", "_nuxt/img/tui-editor-2x.b436124.png": "_nuxt/img/tui-editor-2x.b436124.b4361244b610.png", "_nuxt/img/seq2seq.ad3b0f4.png": "_nuxt/img/seq2seq.ad3b0f4.ad3b0f44bd9f.png", "_nuxt/img/tui-editor.30dd0f5.png": "_nuxt/img/tui-editor.30dd0f5.30dd0f529e51.png", "_nuxt/fonts/Roboto-300-cyrillic11.40ee641.woff2": "_nuxt/fonts/Roboto-300-cyrillic11.40ee641.40ee6416c01f.woff2", "_nuxt/fonts/Roboto-400-vietnamese25.38263f6.woff2": "_nuxt/fonts/Roboto-400-vietnamese25.38263f6.38263f69e18d.woff2", "_nuxt/fonts/Roboto-700-greek-ext39.71fe14c.woff2": "_nuxt/fonts/Roboto-700-greek-ext39.71fe14c.71fe14c5a5da.woff2", "_nuxt/fonts/Roboto-500-symbols33.e873067.woff2": "_nuxt/fonts/Roboto-500-symbols33.e873067.e8730678d461.woff2", "_nuxt/fonts/Roboto-900-vietnamese52.38263f6.woff2": "_nuxt/fonts/Roboto-900-vietnamese52.38263f6.38263f69e18d.woff2", "_nuxt/fonts/Roboto-100-latin9.9a01b69.woff2": "_nuxt/fonts/Roboto-100-latin9.9a01b69.9a01b69183a9.woff2", "_nuxt/fonts/Roboto-900-greek49.be8e775.woff2": "_nuxt/fonts/Roboto-900-greek49.be8e775.be8e775e2031.woff2", "_nuxt/fonts/Roboto-500-vietnamese34.38263f6.woff2": "_nuxt/fonts/Roboto-500-vietnamese34.38263f6.38263f69e18d.woff2", "_nuxt/fonts/Roboto-300-math14.c127ab3.woff2": "_nuxt/fonts/Roboto-300-math14.c127ab3.c127ab3cd3cd.woff2", "_nuxt/fonts/Roboto-300-cyrillic-ext10.56e7ea5.woff2": "_nuxt/fonts/Roboto-300-cyrillic-ext10.56e7ea5.56e7ea595c61.woff2", "_nuxt/fonts/Roboto-500-latin36.9a01b69.woff2": "_nuxt/fonts/Roboto-500-latin36.9a01b69.9a01b69183a9.woff2", "_nuxt/fonts/Roboto-100-greek-ext3.71fe14c.woff2": "_nuxt/fonts/Roboto-100-greek-ext3.71fe14c.71fe14c5a5da.woff2", "_nuxt/fonts/Roboto-100-latin-ext8.0f1d321.woff2": "_nuxt/fonts/Roboto-100-latin-ext8.0f1d321.0f1d3218bace.woff2", "_nuxt/fonts/Roboto-400-cyrillic-ext19.56e7ea5.woff2": "_nuxt/fonts/Roboto-400-cyrillic-ext19.56e7ea5.56e7ea595c61.woff2", "_nuxt/fonts/Roboto-100-vietnamese7.38263f6.woff2": "_nuxt/fonts/Roboto-100-vietnamese7.38263f6.38263f69e18d.woff2", "_nuxt/fonts/Roboto-400-math23.c127ab3.woff2": "_nuxt/fonts/Roboto-400-math23.c127ab3.c127ab3cd3cd.woff2", "_nuxt/fonts/Roboto-400-latin27.9a01b69.woff2": "_nuxt/fonts/Roboto-400-latin27.9a01b69.9a01b69183a9.woff2", "_nuxt/fonts/Roboto-400-greek22.be8e775.woff2": "_nuxt/fonts/Roboto-400-greek22.be8e775.be8e775e2031.woff2", "_nuxt/fonts/Roboto-100-math5.c127ab3.woff2": "_nuxt/fonts/Roboto-100-math5.c127ab3.c127ab3cd3cd.woff2", "_nuxt/fonts/Roboto-900-math50.c127ab3.woff2": "_nuxt/fonts/Roboto-900-math50.c127ab3.c127ab3cd3cd.woff2", "_nuxt/fonts/Roboto-900-symbols51.e873067.woff2": "_nuxt/fonts/Roboto-900-symbols51.e873067.e8730678d461.woff2", "_nuxt/fonts/Roboto-300-symbols15.e873067.woff2": "_nuxt/fonts/Roboto-300-symbols15.e873067.e8730678d461.woff2", "_nuxt/fonts/Roboto-400-greek-ext21.71fe14c.woff2": "_nuxt/fonts/Roboto-400-greek-ext21.71fe14c.71fe14c5a5da.woff2", "_nuxt/fonts/Roboto-900-greek-ext48.71fe14c.woff2": "_nuxt/fonts/Roboto-900-greek-ext48.71fe14c.71fe14c5a5da.woff2", "_nuxt/fonts/Roboto-500-latin-ext35.0f1d321.woff2": "_nuxt/fonts/Roboto-500-latin-ext35.0f1d321.0f1d3218bace.woff2", "_nuxt/fonts/Roboto-700-math41.c127ab3.woff2": "_nuxt/fonts/Roboto-700-math41.c127ab3.c127ab3cd3cd.woff2", "_nuxt/fonts/Roboto-900-cyrillic-ext46.56e7ea5.woff2": "_nuxt/fonts/Roboto-900-cyrillic-ext46.56e7ea5.56e7ea595c61.woff2", "_nuxt/fonts/Roboto-400-cyrillic20.40ee641.woff2": "_nuxt/fonts/Roboto-400-cyrillic20.40ee641.40ee6416c01f.woff2", "_nuxt/fonts/Roboto-300-greek13.be8e775.woff2": "_nuxt/fonts/Roboto-300-greek13.be8e775.be8e775e2031.woff2", "_nuxt/fonts/Roboto-700-cyrillic38.40ee641.woff2": "_nuxt/fonts/Roboto-700-cyrillic38.40ee641.40ee6416c01f.woff2", "_nuxt/fonts/Roboto-700-symbols42.e873067.woff2": "_nuxt/fonts/Roboto-700-symbols42.e873067.e8730678d461.woff2", "_nuxt/fonts/Roboto-100-cyrillic-ext1.56e7ea5.woff2": "_nuxt/fonts/Roboto-100-cyrillic-ext1.56e7ea5.56e7ea595c61.woff2", "_nuxt/fonts/Roboto-900-latin54.9a01b69.woff2": "_nuxt/fonts/Roboto-900-latin54.9a01b69.9a01b69183a9.woff2", "_nuxt/fonts/Roboto-300-greek-ext12.71fe14c.woff2": "_nuxt/fonts/Roboto-300-greek-ext12.71fe14c.71fe14c5a5da.woff2", "_nuxt/fonts/Roboto-500-cyrillic29.40ee641.woff2": "_nuxt/fonts/Roboto-500-cyrillic29.40ee641.40ee6416c01f.woff2", "_nuxt/fonts/Roboto-900-latin-ext53.0f1d321.woff2": "_nuxt/fonts/Roboto-900-latin-ext53.0f1d321.0f1d3218bace.woff2", "_nuxt/fonts/Roboto-100-cyrillic2.40ee641.woff2": "_nuxt/fonts/Roboto-100-cyrillic2.40ee641.40ee6416c01f.woff2", "_nuxt/fonts/Roboto-700-vietnamese43.38263f6.woff2": "_nuxt/fonts/Roboto-700-vietnamese43.38263f6.38263f69e18d.woff2", "_nuxt/fonts/Roboto-300-latin-ext17.0f1d321.woff2": "_nuxt/fonts/Roboto-300-latin-ext17.0f1d321.0f1d3218bace.woff2", "_nuxt/fonts/Roboto-100-greek4.be8e775.woff2": "_nuxt/fonts/Roboto-100-greek4.be8e775.be8e775e2031.woff2", "_nuxt/fonts/Roboto-400-latin-ext26.0f1d321.woff2": "_nuxt/fonts/Roboto-400-latin-ext26.0f1d321.0f1d3218bace.woff2", "_nuxt/fonts/Roboto-700-latin45.9a01b69.woff2": "_nuxt/fonts/Roboto-700-latin45.9a01b69.9a01b69183a9.woff2", "_nuxt/fonts/Roboto-700-latin-ext44.0f1d321.woff2": "_nuxt/fonts/Roboto-700-latin-ext44.0f1d321.0f1d3218bace.woff2", "_nuxt/fonts/Roboto-500-cyrillic-ext28.56e7ea5.woff2": "_nuxt/fonts/Roboto-500-cyrillic-ext28.56e7ea5.56e7ea595c61.woff2", "_nuxt/fonts/Roboto-100-symbols6.e873067.woff2": "_nuxt/fonts/Roboto-100-symbols6.e873067.e8730678d461.woff2", "_nuxt/fonts/Roboto-300-latin18.9a01b69.woff2": "_nuxt/fonts/Roboto-300-latin18.9a01b69.9a01b69183a9.woff2", "_nuxt/fonts/Roboto-700-greek40.be8e775.woff2": "_nuxt/fonts/Roboto-700-greek40.be8e775.be8e775e2031.woff2", "_nuxt/fonts/Roboto-700-cyrillic-ext37.56e7ea5.woff2": "_nuxt/fonts/Roboto-700-cyrillic-ext37.56e7ea5.56e7ea595c61.woff2", "_nuxt/fonts/Roboto-400-symbols24.e873067.woff2": "_nuxt/fonts/Roboto-400-symbols24.e873067.e8730678d461.woff2", "_nuxt/fonts/Roboto-500-greek31.be8e775.woff2": "_nuxt/fonts/Roboto-500-greek31.be8e775.be8e775e2031.woff2", "_nuxt/fonts/Roboto-900-cyrillic47.40ee641.woff2": "_nuxt/fonts/Roboto-900-cyrillic47.40ee641.40ee6416c01f.woff2", "_nuxt/fonts/Roboto-300-vietnamese16.38263f6.woff2": "_nuxt/fonts/Roboto-300-vietnamese16.38263f6.38263f69e18d.woff2", "_nuxt/fonts/Roboto-500-math32.c127ab3.woff2": "_nuxt/fonts/Roboto-500-math32.c127ab3.c127ab3cd3cd.woff2", "_nuxt/fonts/Roboto-500-greek-ext30.71fe14c.woff2": "_nuxt/fonts/Roboto-500-greek-ext30.71fe14c.71fe14c5a5da.woff2", "admin/css/widgets.css": "admin/css/widgets.ee33ab26c7c2.css", "admin/css/dark_mode.css": "admin/css/dark_mode.ef27a31af300.css", "admin/css/login.css": "admin/css/login.586129c60a93.css", "admin/css/dashboard.css": "admin/css/dashboard.e90f2068217b.css", "admin/css/nav_sidebar.css": "admin/css/nav_sidebar.269a1bd44627.css", "admin/css/responsive.css": "admin/css/responsive.f6533dab034d.css", "admin/css/autocomplete.css": "admin/css/autocomplete.4a81fc4242d0.css", "admin/css/responsive_rtl.css": "admin/css/responsive_rtl.7d1130848605.css", "admin/css/forms.css": "admin/css/forms.c14e1cb06392.css", "admin/css/rtl.css": "admin/css/rtl.512d4b53fc59.css", "admin/css/base.css": "admin/css/base.523eb49842a7.css", "admin/css/changelists.css": "admin/css/changelists.9237a1ac391b.css", "admin/js/urlify.js": "admin/js/urlify.ae970a820212.js", "admin/js/core.js": "admin/js/core.cf103cd04ebf.js", "admin/js/collapse.js": "admin/js/collapse.f84e7410290f.js", "admin/js/actions.js": "admin/js/actions.eac7e3441574.js", "admin/js/prepopulate.js": "admin/js/prepopulate.bd2361dfd64d.js", "admin/js/cancel.js": "admin/js/cancel.ecc4c5ca7b32.js", "admin/js/theme.js": "admin/js/theme.ab270f56bb9c.js", "admin/js/nav_sidebar.js": "admin/js/nav_sidebar.3b9190d420b1.js", "admin/js/autocomplete.js": "admin/js/autocomplete.01591ab27be7.js", "admin/js/inlines.js": "admin/js/inlines.22d4d93c00b4.js", "admin/js/change_form.js": "admin/js/change_form.9d8ca4f96b75.js", "admin/js/filters.js": "admin/js/filters.0e360b7a9f80.js", "admin/js/SelectFilter2.js": "admin/js/SelectFilter2.bdb8d0cc579e.js", "admin/js/jquery.init.js": "admin/js/jquery.init.b7781a0897fc.js", "admin/js/popup_response.js": "admin/js/popup_response.c6cc78ea5551.js", "admin/js/SelectBox.js": "admin/js/SelectBox.7d3ce5a98007.js", "admin/js/calendar.js": "admin/js/calendar.f8a5d055eb33.js", "admin/js/prepopulate_init.js": "admin/js/prepopulate_init.6cac7f3105b8.js", "admin/img/search.svg": "admin/img/search.7cf54ff789c6.svg", "admin/img/icon-calendar.svg": "admin/img/icon-calendar.ac7aea671bea.svg", "admin/img/icon-clock.svg": "admin/img/icon-clock.e1d4dfac3f2b.svg", "admin/img/icon-no.svg": "admin/img/icon-no.439e821418cd.svg", "admin/img/tooltag-add.svg": "admin/img/tooltag-add.e59d620a9742.svg", "admin/img/inline-delete.svg": "admin/img/inline-delete.fec1b761f254.svg", "admin/img/LICENSE": "admin/img/LICENSE.2c54f4e1ca1c", "admin/img/icon-changelink.svg": "admin/img/icon-changelink.18d2fd706348.svg", "admin/img/icon-unknown.svg": "admin/img/icon-unknown.a18cb4398978.svg", "admin/img/sorting-icons.svg": "admin/img/sorting-icons.3a097b59f104.svg", "admin/img/icon-viewlink.svg": "admin/img/icon-viewlink.41eb31f7826e.svg", "admin/img/icon-yes.svg": "admin/img/icon-yes.d2f9f035226a.svg", "admin/img/icon-addlink.svg": "admin/img/icon-addlink.d519b3bab011.svg", "admin/img/icon-unknown-alt.svg": "admin/img/icon-unknown-alt.81536e128bb6.svg", "admin/img/icon-deletelink.svg": "admin/img/icon-deletelink.564ef9dc3854.svg", "admin/img/README.txt": "admin/img/README.a70711a38d87.txt", "admin/img/selector-icons.svg": "admin/img/selector-icons.b4555096cea2.svg", "admin/img/calendar-icons.svg": "admin/img/calendar-icons.39b290681a8b.svg", "admin/img/tooltag-arrowright.svg": "admin/img/tooltag-arrowright.bbfb788a849e.svg", "admin/img/icon-alert.svg": "admin/img/icon-alert.034cc7d8a67f.svg", "rest_framework/css/bootstrap.min.css": "rest_framework/css/bootstrap.min.f17d4516b026.css", "rest_framework/css/bootstrap.min.css.map": "rest_framework/css/bootstrap.min.css.cafbda9c0e9e.map", "rest_framework/css/bootstrap-theme.min.css.map": "rest_framework/css/bootstrap-theme.min.css.51806092cc05.map", "rest_framework/css/prettify.css": "rest_framework/css/prettify.a987f72342ee.css", "rest_framework/css/default.css": "rest_framework/css/default.789dfb5732d7.css", "rest_framework/css/font-awesome-4.0.3.css": "rest_framework/css/font-awesome-4.0.3.c1e1ea213abf.css", "rest_framework/css/bootstrap-tweaks.css": "rest_framework/css/bootstrap-tweaks.ee4ee6acf9eb.css", "rest_framework/css/bootstrap-theme.min.css": "rest_framework/css/bootstrap-theme.min.1d4b05b397c3.css", "rest_framework/js/load-ajax-form.js": "rest_framework/js/load-ajax-form.8cdb3a9f3466.js", "rest_framework/js/ajax-form.js": "rest_framework/js/ajax-form.4e1cdcb7acab.js", "rest_framework/js/prettify-min.js": "rest_framework/js/prettify-min.709bfcc456c6.js", "rest_framework/js/csrf.js": "rest_framework/js/csrf.455080a7b2ce.js", "rest_framework/js/bootstrap.min.js": "rest_framework/js/bootstrap.min.2f34b630ffe3.js", "rest_framework/js/default.js": "rest_framework/js/default.5b08897dbdc3.js", "rest_framework/js/coreapi-0.1.1.js": "rest_framework/js/coreapi-0.1.1.e580e3854595.js", "rest_framework/js/jquery-3.7.1.min.js": "rest_framework/js/jquery-3.7.1.min.2c872dbe60f4.js", "rest_framework/img/grid.png": "rest_framework/img/grid.a4b938cf382b.png", "rest_framework/img/glyphicons-halflings.png": "rest_framework/img/glyphicons-halflings.90233c9067e9.png", "rest_framework/img/glyphicons-halflings-white.png": "rest_framework/img/glyphicons-halflings-white.9bbc6e960299.png", "rest_framework/fonts/fontawesome-webfont.svg": "rest_framework/fonts/fontawesome-webfont.83e37a11f9d7.svg", "rest_framework/fonts/glyphicons-halflings-regular.woff": "rest_framework/fonts/glyphicons-halflings-regular.fa2772327f55.woff", "rest_framework/fonts/glyphicons-halflings-regular.eot": "rest_framework/fonts/glyphicons-halflings-regular.f4769f9bdb74.eot", "rest_framework/fonts/glyphicons-halflings-regular.woff2": "rest_framework/fonts/glyphicons-halflings-regular.448c34a56d69.woff2", "rest_framework/fonts/glyphicons-halflings-regular.ttf": "rest_framework/fonts/glyphicons-halflings-regular.e18bbf611f2a.ttf", "rest_framework/fonts/fontawesome-webfont.ttf": "rest_framework/fonts/fontawesome-webfont.dcb26c7239d8.ttf", "rest_framework/fonts/fontawesome-webfont.woff": "rest_framework/fonts/fontawesome-webfont.3293616ec0c6.woff", "rest_framework/fonts/glyphicons-halflings-regular.svg": "rest_framework/fonts/glyphicons-halflings-regular.08eda92397ae.svg", "rest_framework/fonts/fontawesome-webfont.eot": "rest_framework/fonts/fontawesome-webfont.8b27bc96115c.eot", "polymorphic/css/polymorphic_inlines.css": "polymorphic/css/polymorphic_inlines.2a4b6f754e66.css", "polymorphic/js/polymorphic_inlines.js": "polymorphic/js/polymorphic_inlines.282b2e2c0063.js", "drf-yasg/redoc-old/redoc.min.js": "drf-yasg/redoc-old/redoc.min.75500581cb08.js", "drf-yasg/redoc-old/LICENSE": "drf-yasg/redoc-old/LICENSE.e4e5f59c85dc", "drf-yasg/redoc-old/redoc.min.js.map": "drf-yasg/redoc-old/redoc.min.js.8b046eaab501.map", "drf-yasg/redoc/redoc.min.js": "drf-yasg/redoc/redoc.min.71d0b1197fcc.js", "drf-yasg/redoc/LICENSE": "drf-yasg/redoc/LICENSE.cf2d48dc6713", "drf-yasg/redoc/redoc-logo.png": "drf-yasg/redoc/redoc-logo.c7dc7712ce68.png", "drf-yasg/redoc/redoc.standalone.js.map": "drf-yasg/redoc/redoc.standalone.js.be0619dcd088.map", "drf-yasg/swagger-ui-dist/swagger-ui-es-bundle-core.js.map": "drf-yasg/swagger-ui-dist/swagger-ui-es-bundle-core.js.b1d6e307bf5a.map", "drf-yasg/swagger-ui-dist/LICENSE": "drf-yasg/swagger-ui-dist/LICENSE.3b83ef96387f", "drf-yasg/swagger-ui-dist/swagger-ui-es-bundle-core.js": "drf-yasg/swagger-ui-dist/swagger-ui-es-bundle-core.002e814c385e.js", "drf-yasg/swagger-ui-dist/swagger-ui-standalone-preset.js.map": "drf-yasg/swagger-ui-dist/swagger-ui-standalone-preset.js.c470a4c82080.map", "drf-yasg/swagger-ui-dist/swagger-ui.css": "drf-yasg/swagger-ui-dist/swagger-ui.776bdd918354.css", "drf-yasg/swagger-ui-dist/swagger-ui.js.map": "drf-yasg/swagger-ui-dist/swagger-ui.js.804e9522fc74.map", "drf-yasg/swagger-ui-dist/swagger-ui-bundle.js": "drf-yasg/swagger-ui-dist/swagger-ui-bundle.357151587590.js", "drf-yasg/swagger-ui-dist/index.js": "drf-yasg/swagger-ui-dist/index.4843f77ccf9e.js", "drf-yasg/swagger-ui-dist/index.css": "drf-yasg/swagger-ui-dist/index.54fdd628e489.css", "drf-yasg/swagger-ui-dist/swagger-ui-es-bundle.js.map": "drf-yasg/swagger-ui-dist/swagger-ui-es-bundle.js.edde1f87cee4.map", "drf-yasg/swagger-ui-dist/absolute-path.js": "drf-yasg/swagger-ui-dist/absolute-path.7ca5ebff3b35.js", "drf-yasg/swagger-ui-dist/swagger-ui.css.map": "drf-yasg/swagger-ui-dist/swagger-ui.css.fea025523c25.map", "drf-yasg/swagger-ui-dist/NOTICE": "drf-yasg/swagger-ui-dist/NOTICE.342625133694", "drf-yasg/swagger-ui-dist/swagger-ui-standalone-preset.js": "drf-yasg/swagger-ui-dist/swagger-ui-standalone-preset.4d7f4447551a.js", "drf-yasg/swagger-ui-dist/swagger-initializer.js": "drf-yasg/swagger-ui-dist/swagger-initializer.ff995915f51c.js", "drf-yasg/swagger-ui-dist/swagger-ui-es-bundle.js": "drf-yasg/swagger-ui-dist/swagger-ui-es-bundle.9e91a94497b1.js", "drf-yasg/swagger-ui-dist/swagger-ui-bundle.js.map": "drf-yasg/swagger-ui-dist/swagger-ui-bundle.js.f5222861035c.map", "drf-yasg/swagger-ui-dist/oauth2-redirect.html": "drf-yasg/swagger-ui-dist/oauth2-redirect.3ab4f43d18d7.html", "drf-yasg/swagger-ui-dist/favicon-32x32.png": "drf-yasg/swagger-ui-dist/favicon-32x32.40d4f2c38d1c.png", "_nuxt/98151e1.js": "_nuxt/98151e1.eec501af3c47.js", "_nuxt/2a148b7.js": "_nuxt/2a148b7.7d659ea663e0.js", "_nuxt/2764d06.js": "_nuxt/2764d06.dede200296ee.js", "_nuxt/194e012.js": "_nuxt/194e012.e183c1d27db9.js", "_nuxt/518a08e.js": "_nuxt/518a08e.c6eb5be3775c.js", "_nuxt/7145295.js": "_nuxt/7145295.d19c75e90ffa.js", "_nuxt/fdccb1a.js": "_nuxt/fdccb1a.bd1213cde147.js", "_nuxt/49d8363.js": "_nuxt/49d8363.2a58e27ce657.js", "_nuxt/0fc8cd0.js": "_nuxt/0fc8cd0.f4b8555eced4.js", "_nuxt/31d8c46.js": "_nuxt/31d8c46.7b376be3fb64.js", "_nuxt/89f7df5.js": "_nuxt/89f7df5.50d699f6f16e.js", "_nuxt/aa5ea73.js": "_nuxt/aa5ea73.a7bb0d54eb8a.js", "_nuxt/3bee90b.js": "_nuxt/3bee90b.8f56a25c4e4a.js", "_nuxt/46f0a75.js": "_nuxt/46f0a75.5b8f507a3a65.js", "_nuxt/68667d4.js": "_nuxt/68667d4.b6906dfd49be.js", "_nuxt/669bee0.js": "_nuxt/669bee0.b70a0ddf04df.js", "_nuxt/LICENSES": "_nuxt/LICENSES.0c2f6809377f", "_nuxt/319cfdd.js": "_nuxt/319cfdd.bd9fb7a93c4d.js", "_nuxt/2934697.js": "_nuxt/2934697.fca3d457bacd.js", "_nuxt/67afbff.js": "_nuxt/67afbff.6436385672c6.js", "_nuxt/cfdcc94.js": "_nuxt/cfdcc94.8f86f12d711a.js", "_nuxt/287e7de.js": "_nuxt/287e7de.5a51cd7b2619.js", "_nuxt/7d1f99d.js": "_nuxt/7d1f99d.3b859dd3cccb.js", "_nuxt/dd1e514.js": "_nuxt/dd1e514.00bf6dbe92cd.js", "_nuxt/ba0fd8e.js": "_nuxt/ba0fd8e.0e85af4b659e.js", "_nuxt/d37feb3.js": "_nuxt/d37feb3.b2a85ed48f3e.js", "_nuxt/811f60a.js": "_nuxt/811f60a.3f24625f7705.js", "_nuxt/8eb689f.js": "_nuxt/8eb689f.4ae46fabff5a.js", "_nuxt/287e8c5.js": "_nuxt/287e8c5.a3045a5bc3f9.js", "_nuxt/34dd83f.js": "_nuxt/34dd83f.2ca3b458cb83.js", "_nuxt/71d83e5.js": "_nuxt/71d83e5.dc4728dbfd04.js", "_nuxt/a8ad9b9.js": "_nuxt/a8ad9b9.3e6c7d938a28.js", "_nuxt/d6880c2.js": "_nuxt/d6880c2.fc5cc5467159.js", "_nuxt/02a9108.js": "_nuxt/02a9108.538d1ac45e15.js", "_nuxt/52c7971.js": "_nuxt/52c7971.d0af774d6c29.js", "_nuxt/7d4a210.js": "_nuxt/7d4a210.9aa1fca5889d.js", "_nuxt/840326b.js": "_nuxt/840326b.bb3eaa66efd9.js", "_nuxt/98fbc2b.js": "_nuxt/98fbc2b.68b73c5d551b.js", "_nuxt/bcc45ee.js": "_nuxt/bcc45ee.25373de906b6.js", "_nuxt/a266868.js": "_nuxt/a266868.c529655581bd.js", "_nuxt/b90e774.js": "_nuxt/b90e774.ff0a700c0070.js", "_nuxt/434c25c.js": "_nuxt/434c25c.9e17e43246b0.js", "_nuxt/8623841.js": "_nuxt/8623841.76b691e61998.js", "_nuxt/72407ee.js": "_nuxt/72407ee.b446b2ce2e80.js", "_nuxt/60d6f9b.js": "_nuxt/60d6f9b.d618f821ca5b.js", "_nuxt/baff6c4.js": "_nuxt/baff6c4.66aef3997529.js", "_nuxt/2333b89.js": "_nuxt/2333b89.802d9a7514cb.js", "_nuxt/afd5ba4.js": "_nuxt/afd5ba4.ec09ce5b8883.js", "_nuxt/5d8cc02.js": "_nuxt/5d8cc02.5c8d00d6da88.js", "_nuxt/25ffaa4.js": "_nuxt/25ffaa4.eae1b3dc3679.js", "_nuxt/f542049.js": "_nuxt/f542049.76f5294ad561.js", "_nuxt/995ce0a.js": "_nuxt/995ce0a.9c171471674d.js", "_nuxt/b60f759.js": "_nuxt/b60f759.fd50ede251b7.js", "_nuxt/508545e.js": "_nuxt/508545e.10bcff133ab3.js", "_nuxt/8c40da3.js": "_nuxt/8c40da3.4d17fbff6155.js", "_nuxt/f34174f.js": "_nuxt/f34174f.aa1cca945f86.js", "_nuxt/c4aacc7.js": "_nuxt/c4aacc7.fc3a539be283.js", "_nuxt/5c2394a.js": "_nuxt/5c2394a.6a970e0a419c.js", "_nuxt/2cbe434.js": "_nuxt/2cbe434.e43171716ea3.js", "_nuxt/8f291d4.js": "_nuxt/8f291d4.6bf170294d66.js", "drf-yasg/redoc-init.js": "drf-yasg/redoc-init.41348b1afc50.js", "drf-yasg/insQ.js": "drf-yasg/insQ.d4a1933caf20.js", "drf-yasg/immutable.js": "drf-yasg/immutable.37fd83058fde.js", "drf-yasg/swagger-ui-init.js": "drf-yasg/swagger-ui-init.996605eac816.js", "drf-yasg/README": "drf-yasg/README.723ffa086d8b", "drf-yasg/insQ.min.js": "drf-yasg/insQ.min.90ab21607447.js", "drf-yasg/immutable.min.js": "drf-yasg/immutable.min.d985bc61d85c.js", "drf-yasg/style.css": "drf-yasg/style.680c08b2b7b4.css"}, "version": "1.1", "hash": "f4d9a6cf831c"}